product_id,name,current_stock,avg_daily_sales,avg_stock_level,turnover,days_remaining,avg_days_to_critical
7,Chitato,15.0,6.075,27.432989690721648,26.57,2.5,5.578947368421052
9,Rokok Gudang Garam,30.0,3.9916666666666667,20.035714285714285,23.91,7.5,6.529411764705882
11,Shampo Pantene,24.0,3.3333333333333335,17.45679012345679,22.91,7.2,6.294117647058823
2,Telur 1kg,40.0,4.933333333333334,27.876288659793815,21.24,8.1,7.125
8,Rokok Sampoerna,25.0,3.533333333333333,20.225,20.96,7.1,7.666666666666667
1,Beras 5kg,39.0,4.991666666666666,33.77777777777778,17.73,7.8,8.384615384615385
6,Taro Snack,58.0,5.366666666666666,40.43617021276596,15.93,10.8,8.916666666666666
10,Sabun Lifebuoy,16.0,3.683333333333333,31.16470588235294,14.18,4.3,11.777777777777779
5,Aqua 600ml,69.0,5.091666666666667,51.18279569892473,11.94,13.6,12.375
4,Kopi Kapal Api,26.0,5.283333333333333,63.72527472527472,9.95,4.9,14.166666666666666
3,Indomie Goreng,147.0,5.616666666666666,134.0625,5.03,26.2,28.0
